{
  "categories" : {
   	"1" : { "translations" :{ "en" : "Animals", "fr" : "Animaux" }, "image" : "images/categories/animals.png", "minscore" : "0" },
    	"2" : {  "translations" :{ "en" : "Fruits and Vegetables", "fr" : "Fruits et Légumes" }, "image" : "images/categories/fruits_vegetables.png", "minscore" : "500"},
	"3" : {  "translations" :{ "en" : "Home", "fr" : "La maison" }, "image" : "images/categories/home.png", "minscore" : "2000" },
	"4" : {  "translations" :{ "en" : "Nature", "fr" : "Nature" }, "image" : "images/categories/nature.png", "minscore" : "4000" },
	"5" : {  "translations" :{ "en" : "Colors", "fr" : "Couleurs" }, "image" : "images/categories/colors.png", "minscore" : "6000" },
	"6" : {  "translations" :{ "en" : "Clothes", "fr" : "Vêtements" }, "image" : "images/categories/clothes.png", "minscore" : "8000" },
	"7" : {  "translations" :{ "en" : "Health", "fr" : "Santé" }, "image" : "images/categories/health.png", "minscore" : "12000" },
	"8" : {  "translations" :{ "en" : "Sports", "fr" : "Sports" }, "image" : "images/categories/sports.png", "minscore" : "15000" }
  },
  "words" : {
      "ant" : { "category" : "1", "image" : "images/animals/ant.png"},
      "bear" : { "category" : "1", "image" : "images/animals/bear.png"},
      "bee" : { "category" : "1", "image" : "images/animals/bee.png"},
      "bird" : { "category" : "1", "image" : "images/animals/bird.png"},
      "cat" : { "category" : "1", "image" : "images/animals/cat.png"},
      "chicken" : { "category" : "1", "image" : "images/animals/chicken.png"},
      "cow" : { "category" : "1", "image" : "images/animals/cow.png"},
      "dog" : { "category" : "1", "image" : "images/animals/dog.png"},
      "elephant" : { "category" : "1", "image" : "images/animals/elephant.png"},
      "fish" : { "category" : "1", "image" : "images/animals/fish.png"},
      "fox" : { "category" : "1", "image" : "images/animals/fox.png"},
      "frog" : { "category" : "1", "image" : "images/animals/frog.png"},
      "giraffe" : { "category" : "1", "image" : "images/animals/giraffe.png"},
      "horse" : { "category" : "1", "image" : "images/animals/horse.png"},
      "lamb" : { "category" : "1", "image" : "images/animals/lamb.png"},
      "panda" : { "category" : "1", "image" : "images/animals/panda.png"},
      "penguin" : { "category" : "1", "image" : "images/animals/penguin.png"},
      "pig" : { "category" : "1", "image" : "images/animals/pig.png"},
      "rabbit" : { "category" : "1", "image" : "images/animals/rabbit.png"},
      "seahorse" : { "category" : "1", "image" : "images/animals/seahorse.png"},
      "shark" : { "category" : "1", "image" : "images/animals/shark.png"},
      "sheep" : { "category" : "1", "image" : "images/animals/sheep.png"},
      "snail" : { "category" : "1", "image" : "images/animals/snail.png"},
      "snake" : { "category" : "1", "image" : "images/animals/snake.png"},
      "spider" : { "category" : "1", "image" : "images/animals/spider.png"},
      "squirrel" : { "category" : "1", "image" : "images/animals/squirrel.png"},
      "toucan" : { "category" : "1", "image" : "images/animals/toucan.png"},
      "turkey" : { "category" : "1", "image" : "images/animals/turkey.png"},
      "turtle" : { "category" : "1", "image" : "images/animals/turtle.png"},
      "whale" : { "category" : "1", "image" : "images/animals/whale.png"},
      "zebra" : { "category" : "1", "image" : "images/animals/zebra.png"},

      "apple" : { "category" : "2", "image" : "images/fruits_vegetables/apple.png"},
      "avocado" : { "category" : "2", "image" : "images/fruits_vegetables/avocado.png"},
      "banana" : { "category" : "2", "image" : "images/fruits_vegetables/banana.png"},
      "bell pepper" : { "category" : "2", "image" : "images/fruits_vegetables/bell_pepper.png"},
      "blackberry" : { "category" : "2", "image" : "images/fruits_vegetables/blackberry.png"},
      "blueberry" : { "category" : "2", "image" : "images/fruits_vegetables/blueberry.png"},
      "cabbage" : { "category" : "2", "image" : "images/fruits_vegetables/cabbage.png"},
      "carrot" : { "category" : "2", "image" : "images/fruits_vegetables/carrot.png"},
      "cherry" : { "category" : "2", "image" : "images/fruits_vegetables/cherry.png"},
      "corn" : { "category" : "2", "image" : "images/fruits_vegetables/corn.png"},
      "cucumber" : { "category" : "2", "image" : "images/fruits_vegetables/cucumber.png"},
      "eggplant" : { "category" : "2", "image" : "images/fruits_vegetables/eggplant.png"},
      "garlic" : { "category" : "2", "image" : "images/fruits_vegetables/garlic.png"},
      "grapes" : { "category" : "2", "image" : "images/fruits_vegetables/grapes.png"},
      "kiwi" : { "category" : "2", "image" : "images/fruits_vegetables/kiwi.png"},
      "lemon" : { "category" : "2", "image" : "images/fruits_vegetables/lemon.png"},
      "melon" : { "category" : "2", "image" : "images/fruits_vegetables/melon.png"},
      "mushroom" : { "category" : "2", "image" : "images/fruits_vegetables/mushroom.png"},
      "onion" : { "category" : "2", "image" : "images/fruits_vegetables/onion.png"},
      "orange" : { "category" : "2", "image" : "images/fruits_vegetables/orange.png"},
      "peach" : { "category" : "2", "image" : "images/fruits_vegetables/peach.png"},
      "pear" : { "category" : "2", "image" : "images/fruits_vegetables/pear.png"},
      "pineapple" : { "category" : "2", "image" : "images/fruits_vegetables/pineapple.png"},
      "plum" : { "category" : "2", "image" : "images/fruits_vegetables/plum.png"},
      "raspberry" : { "category" : "2", "image" : "images/fruits_vegetables/raspberry.png"},
      "strawberry" : { "category" : "2", "image" : "images/fruits_vegetables/strawberry.png"},
      "tomato" : { "category" : "2", "image" : "images/fruits_vegetables/tomato.png"},
      "watermelon" : { "category" : "2", "image" : "images/fruits_vegetables/watermelon.png"},
      "zucchini" : { "category" : "2", "image" : "images/fruits_vegetables/zucchini.png"},

      "bathtub" : { "category" : "3", "image" : "images/home/bathtub.png"},
      "bed" : { "category" : "3", "image" : "images/home/bed.png"},
      "broom" : { "category" : "3", "image" : "images/home/broom.png"},
      "computer" : { "category" : "3", "image" : "images/home/computer.png"},
      "cup" : { "category" : "3", "image" : "images/home/cup.png"},
      "door" : { "category" : "3", "image" : "images/home/door.png"},
      "fork" : { "category" : "3", "image" : "images/home/fork.png"},
      "fridge" : { "category" : "3", "image" : "images/home/fridge.png"},
      "frying pan" : { "category" : "3", "image" : "images/home/frying_pan.png"},
      "glass" : { "category" : "3", "image" : "images/home/glass.png"},
      "mixer" : { "category" : "3", "image" : "images/home/mixer.png"},
      "hanger" : { "category" : "3", "image" : "images/home/hanger.png"},
      "iron" : { "category" : "3", "image" : "images/home/iron.png"},
      "knife" : { "category" : "3", "image" : "images/home/knife.png"},
      "ladle" : { "category" : "3", "image" : "images/home/ladle.png"},
      "bulb" : { "category" : "3", "image" : "images/home/bulb.png"},
      "microwave" : { "category" : "3", "image" : "images/home/microwave.png"},
      "mirror" : { "category" : "3", "image" : "images/home/mirror.png"},
      "oven mitt" : { "category" : "3", "image" : "images/home/oven_mitt.png"},
      "pan" : { "category" : "3", "image" : "images/home/pan.png"},
      "plate" : { "category" : "3", "image" : "images/home/plate.png"},
      "sink" : { "category" : "3", "image" : "images/home/sink.png"},
      "sofa" : { "category" : "3", "image" : "images/home/sofa.png"},
      "spoon" : { "category" : "3", "image" : "images/home/spoon.png"},
      "table" : { "category" : "3", "image" : "images/home/table.png"},
      "tap" : { "category" : "3", "image" : "images/home/tap.png"},
      "toaster" : { "category" : "3", "image" : "images/home/toaster.png"},
      "toilet" : { "category" : "3", "image" : "images/home/toilet.png"},
      "trash can" : { "category" : "3", "image" : "images/home/trash_can.png"},
      "wardrobe" : { "category" : "3", "image" : "images/home/wardrobe.png"},
      "window" : { "category" : "3", "image" : "images/home/window.png"},

      "acorn" : { "category" : "4", "image" : "images/nature/acorn.png"},
      "autumn" : { "category" : "4", "image" : "images/nature/autumn.png"},
      "bug" : { "category" : "4", "image" : "images/nature/bug.png"},
      "butterfly" : { "category" : "4", "image" : "images/nature/butterfly.png"},
      "cactus" : { "category" : "4", "image" : "images/nature/cactus.png"},
      "cloud" : { "category" : "4", "image" : "images/nature/cloud.png"},
      "feather" : { "category" : "4", "image" : "images/nature/feather.png"},
      "fir tree" : { "category" : "4", "image" : "images/nature/fir_tree.png"},
      "flower" : { "category" : "4", "image" : "images/nature/flower.png"},
      "grass" : { "category" : "4", "image" : "images/nature/grass.png"},
      "holly" : { "category" : "4", "image" : "images/nature/holly.png"},
      "leaf" : { "category" : "4", "image" : "images/nature/leaf.png"},
      "mountain" : { "category" : "4", "image" : "images/nature/mountain.png"},
      "palm tree" : { "category" : "4", "image" : "images/nature/palm_tree.png"},
      "rain" : { "category" : "4", "image" : "images/nature/rain.png"},
      "rainbow" : { "category" : "4", "image" : "images/nature/rainbow.png"},
      "reed" : { "category" : "4", "image" : "images/nature/reed.png"},
      "rose" : { "category" : "4", "image" : "images/nature/rose.png"},
      "spring" : { "category" : "4", "image" : "images/nature/spring.png"},
      "stone" : { "category" : "4", "image" : "images/nature/stone.png"},
      "summer" : { "category" : "4", "image" : "images/nature/summer.png"},
      "tree" : { "category" : "4", "image" : "images/nature/tree.png"},
      "volcano" : { "category" : "4", "image" : "images/nature/volcano.png"},
      "winter" : { "category" : "4", "image" : "images/nature/winter.png"},

      "black" : { "category" : "5", "image" : "images/colors/black.png"},
      "blue" : { "category" : "5", "image" : "images/colors/blue.png"},
      "brown" : { "category" : "5", "image" : "images/colors/brown.png"},
      "green" : { "category" : "5", "image" : "images/colors/green.png"},
      "orange" : { "category" : "5", "image" : "images/colors/orange.png"},
      "pink" : { "category" : "5", "image" : "images/colors/pink.png"},
      "purple" : { "category" : "5", "image" : "images/colors/purple.png"},
      "red" : { "category" : "5", "image" : "images/colors/red.png"},
      "white" : { "category" : "5", "image" : "images/colors/white.png"},
      "yellow" : { "category" : "5", "image" : "images/colors/yellow.png"},

      "bag" : { "category" : "6", "image" : "images/clothes/bag.png"},
      "belt" : { "category" : "6", "image" : "images/clothes/belt.png"},
      "boot" : { "category" : "6", "image" : "images/clothes/boot.png"},
      "cap" : { "category" : "6", "image" : "images/clothes/cap.png"},
      "dress" : { "category" : "6", "image" : "images/clothes/dress.png"},
      "hat" : { "category" : "6", "image" : "images/clothes/hat.png"},
      "heels" : { "category" : "6", "image" : "images/clothes/heels.png"},
      "jeans" : { "category" : "6", "image" : "images/clothes/jeans.png"},
      "tie" : { "category" : "6", "image" : "images/clothes/tie.png"},
      "panties" : { "category" : "6", "image" : "images/clothes/panties.png"},
      "pants" : { "category" : "6", "image" : "images/clothes/pants.png"},
      "shirt" : { "category" : "6", "image" : "images/clothes/shirt.png"},
      "shoes" : { "category" : "6", "image" : "images/clothes/shoes.png"},
      "sneakers" : { "category" : "6", "image" : "images/clothes/sneakers.png"},
      "socks" : { "category" : "6", "image" : "images/clothes/socks.png"},
      "suit" : { "category" : "6", "image" : "images/clothes/suit.png"},
      "sweater" : { "category" : "6", "image" : "images/clothes/sweater.png"},
      "tee shirt" : { "category" : "6", "image" : "images/clothes/tee_shirt.png"},
      "thongs" : { "category" : "6", "image" : "images/clothes/thongs.png"},

      "arm" : { "category" : "7", "image" : "images/health/arm.png"},
      "bandage" : { "category" : "7", "image" : "images/health/bandage.png"},
      "blood" : { "category" : "7", "image" : "images/health/blood.png"},
      "brain" : { "category" : "7", "image" : "images/health/brain.png"},
      "ear" : { "category" : "7", "image" : "images/health/ear.png"},
      "embryo" : { "category" : "7", "image" : "images/health/embryo.png"},
      "eye" : { "category" : "7", "image" : "images/health/eye.png"},
      "foot" : { "category" : "7", "image" : "images/health/foot.png"},
      "hand" : { "category" : "7", "image" : "images/health/hand.png"},
      "heart" : { "category" : "7", "image" : "images/health/heart.png"},
      "kidney" : { "category" : "7", "image" : "images/health/kidney.png"},
      "knee" : { "category" : "7", "image" : "images/health/knee.png"},
      "lungs" : { "category" : "7", "image" : "images/health/lungs.png"},
      "mouth" : { "category" : "7", "image" : "images/health/mouth.png"},
      "pills" : { "category" : "7", "image" : "images/health/pills.png"},
      "syringe" : { "category" : "7", "image" : "images/health/syringe.png"},
      "skeleton" : { "category" : "7", "image" : "images/health/skeleton.png"},
      "skull" : { "category" : "7", "image" : "images/health/skull.png"},
      "teeth" : { "category" : "7", "image" : "images/health/teeth.png"},
      "thermometer" : { "category" : "7", "image" : "images/health/thermometer.png"},
      "thumb" : { "category" : "7", "image" : "images/health/thumb.png"},

      "badminton" : { "category" : "8", "image" : "images/sports/badminton.png"},
      "baseball" : { "category" : "8", "image" : "images/sports/baseball.png"},
      "basketball" : { "category" : "8", "image" : "images/sports/basketball.png"},
      "biking" : { "category" : "8", "image" : "images/sports/biking.png"},
      "bowling" : { "category" : "8", "image" : "images/sports/bowling.png"},
      "boxing" : { "category" : "8", "image" : "images/sports/boxing.png"},
      "cricket" : { "category" : "8", "image" : "images/sports/cricket.png"},
      "golf" : { "category" : "8", "image" : "images/sports/golf.png"},
      "ice hockey" : { "category" : "8", "image" : "images/sports/ice_hockey.png"},
      "jogging" : { "category" : "8", "image" : "images/sports/jogging.png"},
      "soccer" : { "category" : "8", "image" : "images/sports/soccer.png"},
      "swimming" : { "category" : "8", "image" : "images/sports/swimming.png"},
      "tennis" : { "category" : "8", "image" : "images/sports/tennis.png"},
      "whistle" : { "category" : "8", "image" : "images/sports/whistle.png"},
      "surfing" : { "category" : "8", "image" : "images/sports/surfing.png"},
      "windsurfing" : { "category" : "8", "image" : "images/sports/windsurfing.png"}
  },
  "localisations" : {
     "en" : {
      "ant" : { "word" : "ant", "sound" : "sounds/en/animals/ant.ogg", "level" : 2 },
      "bear" : { "word" : "bear", "sound" : "sounds/en/animals/bear.ogg", "level" : 2 },
      "bee" : { "word" : "bee", "sound" : "sounds/en/animals/bee.ogg", "level" : 1 },
      "bird" : { "word" : "bird", "sound" : "sounds/en/animals/bird.ogg", "level" : 1 },
      "cat" : { "word" : "cat", "sound" : "sounds/en/animals/cat.ogg", "level" : 1 },
      "chicken" : { "word" : "chicken", "sound" : "sounds/en/animals/chicken.ogg", "level" : 3 },
      "cow" : { "word" : "cow", "sound" : "sounds/en/animals/cow.ogg", "level" : 1 },
      "dog" : { "word" : "dog", "sound" : "sounds/en/animals/dog.ogg", "level" : 1 },
      "elephant" : { "word" : "elephant", "sound" : "sounds/en/animals/elephant.ogg", "level" : 3 },
      "fish" : { "word" : "fish", "sound" : "sounds/en/animals/fish.ogg", "level" : 2 },
      "fox" : { "word" : "fox", "sound" : "sounds/en/animals/fox.ogg", "level" : 1 },
      "frog" : { "word" : "frog", "sound" : "sounds/en/animals/frog.ogg", "level" : 2 },
      "giraffe" : { "word" : "giraffe", "sound" : "sounds/en/animals/giraffe.ogg", "level" : 2 },
      "horse" : { "word" : "horse", "sound" : "sounds/en/animals/horse.ogg", "level" : 2 },
      "lamb" : { "word" : "lamb", "sound" : "sounds/en/animals/lamb.ogg", "level" : 2 },
      "panda" : { "word" : "panda", "sound" : "sounds/en/animals/panda.ogg", "level" : 2 },
      "penguin" : { "word" : "penguin", "sound" : "sounds/en/animals/penguin.ogg", "level" : 3 },
      "pig" : { "word" : "pig", "sound" : "sounds/en/animals/pig.ogg", "level" : 1 },
      "rabbit" : { "word" : "rabbit", "sound" : "sounds/en/animals/rabbit.ogg", "level" : 2 },
      "seahorse" : { "word" : "seahorse", "sound" : "sounds/en/animals/seahorse.ogg", "level" : 3 },
      "shark" : { "word" : "shark", "sound" : "sounds/en/animals/shark.ogg", "level" : 2 },
      "sheep" : { "word" : "sheep", "sound" : "sounds/en/animals/sheep.ogg", "level" : 2 },
      "snail" : { "word" : "snail", "sound" : "sounds/en/animals/snail.ogg", "level" : 2 },
      "snake" : { "word" : "snake", "sound" : "sounds/en/animals/snake.ogg", "level" : 2 },
      "spider" : { "word" : "spider", "sound" : "sounds/en/animals/spider.ogg", "level" : 2 },
      "squirrel" : { "word" : "squirrel", "sound" : "sounds/en/animals/squirrel.ogg", "level" : 3 },
      "toucan" : { "word" : "toucan", "sound" : "sounds/en/animals/toucan.ogg", "level" : 2 },
      "turkey" : { "word" : "turkey", "sound" : "sounds/en/animals/turkey.ogg", "level" : 2 },
      "turtle" : { "word" : "turtle", "sound" : "sounds/en/animals/turtle.ogg", "level" : 2 },
      "whale" : { "word" : "whale", "sound" : "sounds/en/animals/whale.ogg", "level" : 2 },
      "zebra" : { "word" : "zebra", "sound" : "sounds/en/animals/zebra.ogg", "level" : 2 },

      "apple" : { "word" : "apple", "sound" : "sounds/en/fruits_vegetables/apple.ogg", "level" : 1 },
      "avocado" : { "word" : "avocado", "sound" : "sounds/en/fruits_vegetables/avocado.ogg", "level" : 1 },
      "banana" : { "word" : "banana", "sound" : "sounds/en/fruits_vegetables/banana.ogg", "level" : 1 },
      "bell pepper" : {"word" : "bell pepper", "sound" : "sounds/en/fruits_vegetables/bell_pepper.ogg", "level" : 3 },
      "blackberry" : { "word" : "blackberry", "sound" : "sounds/en/fruits_vegetables/blackberry.ogg", "level" : 3 },
      "blueberry" : { "word" : "blueberry", "sound" : "sounds/en/fruits_vegetables/blueberry.ogg", "level" : 3 },
      "cabbage" : { "word" : "cabbage", "sound" : "sounds/en/fruits_vegetables/cabbage.ogg", "level" : 2 },
      "carrot" : { "word" : "carrot", "sound" : "sounds/en/fruits_vegetables/carrot.ogg", "level" : 2 },
      "cherry" : { "word" : "cherry", "sound" : "sounds/en/fruits_vegetables/cherry.ogg", "level" : 2 },
      "corn" : { "word" : "corn", "sound" : "sounds/en/fruits_vegetables/corn.ogg", "level" : 2 },
      "cucumber" : { "word" : "cucumber", "sound" : "sounds/en/fruits_vegetables/cucumber.ogg", "level" : 3 },
      "eggplant" : { "word" : "eggplant", "sound" : "sounds/en/fruits_vegetables/eggplant.ogg", "level" : 3 },
      "garlic" : { "word" : "garlic", "sound" : "sounds/en/fruits_vegetables/garlic.ogg", "level" : 2 },
      "grapes" : { "word" : "grapes", "sound" : "sounds/en/fruits_vegetables/grapes.ogg", "level" : 2 },
      "kiwi" : { "word" : "kiwi", "sound" : "sounds/en/fruits_vegetables/kiwi.ogg", "level" : 1 },
      "lemon" : { "word" : "lemon", "sound" : "sounds/en/fruits_vegetables/lemon.ogg", "level" : 2 },
      "melon" : { "word" : "melon", "sound" : "sounds/en/fruits_vegetables/melon.ogg", "level" : 2 },
      "mushroom" : { "word" : "mushroom", "sound" : "sounds/en/fruits_vegetables/mushroom.ogg", "level" : 2 },
      "onion" : { "word" : "onion", "sound" : "sounds/en/fruits_vegetables/onion.ogg", "level" : 2 },
      "orange" : { "word" : "orange", "sound" : "sounds/en/fruits_vegetables/orange.ogg", "level" : 2 },
      "peach" : { "word" : "peach", "sound" : "sounds/en/fruits_vegetables/peach.ogg", "level" : 2 },
      "pear" : { "word" : "pear", "sound" : "sounds/en/fruits_vegetables/pear.ogg", "level" : 2 },
      "pineapple" : { "word" : "pineapple", "sound" : "sounds/en/fruits_vegetables/pineapple.ogg", "level" : 3 },
      "plum" : { "word" : "plum", "sound" : "sounds/en/fruits_vegetables/plum.ogg", "level" : 2 },
      "raspberry" : { "word" : "raspberry", "sound" : "sounds/en/fruits_vegetables/raspberry.ogg", "level" : 3 },
      "strawberry" : { "word" : "strawberry", "sound" : "sounds/en/fruits_vegetables/strawberry.ogg", "level" : 3 },
      "tomato" : { "word" : "tomato", "sound" : "sounds/en/fruits_vegetables/tomato.ogg", "level" : 1 },
      "watermelon" : { "word" : "watermelon", "sound" : "sounds/en/fruits_vegetables/watermelon.ogg", "level" : 3 },
      "zucchini" : { "word" : "zucchini", "sound" : "sounds/en/fruits_vegetables/zucchini.ogg", "level" : 3 },

      "bathtub" : { "word" : "bathtub", "sound" : "sounds/en/home/bathtub.ogg", "level" : 2  },
      "bed" : { "word" : "bed", "sound" : "sounds/en/home/bed.ogg", "level" : 1 },
      "broom" : { "word" : "broom", "sound" : "sounds/en/home/broom.ogg", "level" : 2 },
      "computer" : { "word" : "computer", "sound" : "sounds/en/home/computer.ogg", "level" : 2  },
      "cup" : { "word" : "cup", "sound" : "sounds/en/home/cup.ogg", "level" : 1 },
      "door" : { "word" : "door", "sound" : "sounds/en/home/door.ogg", "level" : 2  },
      "fork" : { "word" : "fork", "sound" : "sounds/en/home/fork.ogg", "level" : 2  },
      "fridge" : { "word" : "fridge", "sound" : "sounds/en/home/fridge.ogg", "level" : 2  },
      "frying pan" : { "word" : "frying pan", "sound" : "sounds/en/home/frying_pan.ogg", "level" : 3 },
      "glass" : { "word" : "glass", "sound" : "sounds/en/home/glass.ogg", "level" : 2  },
      "mixer" : { "word" : "mixer", "sound" : "sounds/en/home/mixer.ogg", "level" : 2  },
      "hanger" : { "word" : "hanger", "sound" : "sounds/en/home/hanger.ogg", "level" : 2  },
      "iron" : { "word" : "iron", "sound" : "sounds/en/home/iron.ogg", "level" : 2  },
      "knife" : { "word" : "knife", "sound" : "sounds/en/home/knife.ogg", "level" : 2  },
      "ladle" : { "word" : "ladle", "sound" : "sounds/en/home/ladle.ogg", "level" : 2  },
      "bulb" : { "word" : "bulb", "sound" : "sounds/en/home/bulb.ogg", "level" : 2  },
      "microwave" : { "word" : "microwave", "sound" : "sounds/en/home/microwave.ogg", "level" : 2  },
      "mirror" : { "word" : "mirror", "sound" : "sounds/en/home/mirror.ogg", "level" : 2  },
      "oven mitt" : { "word" : "oven mitt", "sound" : "sounds/en/home/oven_mitt.ogg", "level" : 2  },
      "pan" : { "word" : "pan", "sound" : "sounds/en/home/pan.ogg", "level" : 1  },
      "plate" : { "word" : "plate", "sound" : "sounds/en/home/plate.ogg", "level" : 1  },
      "sink" : { "word" : "sink", "sound" : "sounds/en/home/sink.ogg", "level" : 2  },
      "sofa" : { "word" : "sofa", "sound" : "sounds/en/home/sofa.ogg", "level" : 1  },
      "spoon" : { "word" : "spoon", "sound" : "sounds/en/home/spoon.ogg", "level" : 2  },
      "table" : { "word" : "table", "sound" : "sounds/en/home/table.ogg", "level" : 2  },
      "tap" : { "word" : "tap", "sound" : "sounds/en/home/tap.ogg", "level" : 1  },
      "toaster" : { "word" : "toaster", "sound" : "sounds/en/home/toaster.ogg", "level" : 2  },
      "toilet" : { "word" : "toilet", "sound" : "sounds/en/home/toilet.ogg", "level" : 2  },
      "trash can" : { "word" : "trash can", "sound" : "sounds/en/home/trash_can.ogg", "level" : 2  },
      "wardrobe" : { "word" : "wardrobe", "sound" : "sounds/en/home/wardrobe.ogg", "level" : 3  },
      "window" : { "word" : "window", "sound" : "sounds/en/home/window.ogg", "level" : 2  },

      "acorn" : { "word" : "acorn", "sound" : "sounds/en/nature/acorn.ogg", "level" : 2  },
      "autumn" : { "word" : "autumn", "sound" : "sounds/en/nature/autumn.ogg", "level" : 2  },
      "bug" : { "word" : "bug", "sound" : "sounds/en/nature/bug.ogg", "level" : 1  },
      "butterfly" : { "word" : "butterfly", "sound" : "sounds/en/nature/butterfly.ogg", "level" : 3  },
      "cactus" : { "word" : "cactus", "sound" : "sounds/en/nature/cactus.ogg", "level" : 2 },
      "cloud" : { "word" : "cloud", "sound" : "sounds/en/nature/cloud.ogg", "level" : 2  },
      "feather" : { "word" : "feather", "sound" : "sounds/en/nature/feather.ogg", "level" : 2  },
      "fir tree" : { "word" : "fir tree", "sound" : "sounds/en/nature/fir_tree.ogg", "level" : 2  },
      "flower" : { "word" : "flower", "sound" : "sounds/en/nature/flower.ogg", "level" : 2  },
      "grass" : { "word" : "grass", "sound" : "sounds/en/nature/grass.ogg", "level" : 2  },
      "holly" : { "word" : "holly", "sound" : "sounds/en/nature/holly.ogg", "level" : 2  },
      "leaf" : { "word" : "leaf", "sound" : "sounds/en/nature/leaf.ogg", "level" : 2  },
      "mountain" : { "word" : "mountain", "sound" : "sounds/en/nature/mountain.ogg", "level" : 2  },
      "palm tree" : { "word" : "palm tree", "sound" : "sounds/en/nature/palm_tree.ogg", "level" : 2  },
      "rain" : { "word" : "rain", "sound" : "sounds/en/nature/rain.ogg", "level" : 2  },
      "rainbow" : { "word" : "rainbow", "sound" : "sounds/en/nature/rainbow.ogg", "level" : 2  },
      "reed" : { "word" : "reed", "sound" : "sounds/en/nature/reed.ogg", "level" : 2  },
      "rose" : { "word" : "rose", "sound" : "sounds/en/nature/rose.ogg", "level" : 1  },
      "spring" : { "word" : "spring", "sound" : "sounds/en/nature/spring.ogg", "level" : 2  },
      "stone" : { "word" : "stone", "sound" : "sounds/en/nature/stone.ogg", "level" : 2  },
      "summer" : { "word" : "summer", "sound" : "sounds/en/nature/summer.ogg", "level" : 2  },
      "tree" : { "word" : "tree", "sound" : "sounds/en/nature/tree.ogg", "level" : 1  },
      "volcano" : { "word" : "volcano", "sound" : "sounds/en/nature/volcano.ogg", "level" : 2  },
      "winter" : { "word" : "winter", "sound" : "sounds/en/nature/winter.ogg", "level" : 2  },

      "black" : { "word" : "black", "sound" : "sounds/en/colors/black.ogg", "level" : 2  },
      "blue" : { "word" : "blue", "sound" : "sounds/en/colors/blue.ogg", "level" : 2  },
      "brown" : { "word" : "brown", "sound" : "sounds/en/colors/brown.ogg", "level" : 2  },
      "green" : { "word" : "green", "sound" : "sounds/en/colors/green.ogg", "level" : 2  },
      "orange" : { "word" : "orange", "sound" : "sounds/en/colors/orange.ogg", "level" : 2  },
      "pink" : { "word" : "pink", "sound" : "sounds/en/colors/pink.ogg", "level" : 2  },
      "purple" : { "word" : "purple", "sound" : "sounds/en/colors/purple.ogg", "level" : 2  },
      "red" : { "word" : "red", "sound" : "sounds/en/colors/red.ogg", "level" : 1  },
      "white" : { "word" : "white", "sound" : "sounds/en/colors/white.ogg", "level" : 2  },
      "yellow" : { "word" : "yellow", "sound" : "sounds/en/colors/yellow.ogg", "level" : 3  },

      "bag" : { "word" : "bag", "sound" : "sounds/en/clothes/bag.ogg", "level" : 1  },
      "belt" : { "word" : "belt", "sound" : "sounds/en/clothes/belt.ogg", "level" : 2  },
      "boot" : { "word" : "boot", "sound" : "sounds/en/clothes/boot.ogg", "level" : 2  },
      "cap" : { "word" : "cap", "sound" : "sounds/en/clothes/cap.ogg", "level" : 1  },
      "dress" : { "word" : "dress", "sound" : "sounds/en/clothes/dress.ogg", "level" : 2  },
      "hat" : { "word" : "hat", "sound" : "sounds/en/clothes/hat.ogg", "level" : 1  },
      "heels" : { "word" : "heels", "sound" : "sounds/en/clothes/heels.ogg", "level" : 2  },
      "jeans" : { "word" : "jeans", "sound" : "sounds/en/clothes/jeans.ogg", "level" : 2  },
      "tie" : { "word" : "tie", "sound" : "sounds/en/clothes/tie.ogg", "level" : 2  },
      "panties" : { "word" : "panties", "sound" : "sounds/en/clothes/panties.ogg", "level" : 2  },
      "pants" : { "word" : "pants", "sound" : "sounds/en/clothes/pants.ogg", "level" : 2  },
      "shirt" : { "word" : "shirt", "sound" : "sounds/en/clothes/shirt.ogg", "level" : 2  },
      "shoes" : { "word" : "shoes", "sound" : "sounds/en/clothes/shoes.ogg", "level" : 2  },
      "sneakers" : { "word" : "sneakers", "sound" : "sounds/en/clothes/sneakers.ogg", "level" : 3  },
      "socks" : { "word" : "socks", "sound" : "sounds/en/clothes/socks.ogg", "level" : 2  },
      "suit" : { "word" : "suit", "sound" : "sounds/en/clothes/suit.ogg", "level" : 2  },
      "sweater" : { "word" : "sweater", "sound" : "sounds/en/clothes/sweater.ogg", "level" : 3  },
      "tee shirt" : { "word" : "tee shirt", "sound" : "sounds/en/clothes/tee_shirt.ogg", "level" : 2  },
      "thongs" : { "word" : "thongs", "sound" : "sounds/en/clothes/thongs.ogg", "level" : 2  },

      "arm" : { "word" : "arm", "sound" : "sounds/en/health/arm.ogg", "level" : 1  },
      "bandage" : { "word" : "bandage", "sound" : "sounds/en/health/bandage.ogg", "level" : 2  },
      "blood" : { "word" : "blood", "sound" : "sounds/en/health/blood.ogg", "level" : 2  },
      "brain" : { "word" : "brain", "sound" : "sounds/en/health/brain.ogg", "level" : 2  },
      "ear" : { "word" : "ear", "sound" : "sounds/en/health/ear.ogg", "level" : 2  },
      "embryo" : { "word" : "embryo", "sound" : "sounds/en/health/embryo.ogg", "level" : 2  },
      "eye" : { "word" : "eye", "sound" : "sounds/en/health/eye.ogg", "level" : 1  },
      "foot" : { "word" : "foot", "sound" : "sounds/en/health/foot.ogg", "level" : 2  },
      "hand" : { "word" : "hand", "sound" : "sounds/en/health/hand.ogg", "level" : 2 },
      "heart" : { "word" : "heart", "sound" : "sounds/en/health/heart.ogg", "level" : 2  },
      "kidney" : { "word" : "kidney", "sound" : "sounds/en/health/kidney.ogg", "level" : 2  },
      "knee" : { "word" : "knee", "sound" : "sounds/en/health/knee.ogg", "level" : 2  },
      "lungs" : { "word" : "lungs", "sound" : "sounds/en/health/lungs.ogg", "level" : 2  },
      "mouth" : { "word" : "mouth", "sound" : "sounds/en/health/mouth.ogg", "level" : 2  },
      "pills" : { "word" : "pills", "sound" : "sounds/en/health/pills.ogg", "level" : 2  },
      "syringe" : { "word" : "syringe", "sound" : "sounds/en/health/syringe.ogg", "level" : 3  },
      "skeleton" : { "word" : "skeleton", "sound" : "sounds/en/health/skeleton.ogg", "level" : 2  },
      "skull" : { "word" : "skull", "sound" : "sounds/en/health/skull.ogg", "level" : 3 },
      "teeth" : { "word" : "teeth", "sound" : "sounds/en/health/teeth.ogg", "level" : 2  },
      "thermometer" : { "word" : "thermometer", "sound" : "sounds/en/health/thermometer.ogg", "level" : 3  },
      "thumb" : { "word" : "thumb", "sound" : "sounds/en/health/thumb.ogg", "level" : 3  },

      "badminton" : { "word" : "badminton", "sound" : "sounds/en/sports/badminton.ogg", "level" : 2  },
      "baseball" : { "word" : "baseball", "sound" : "sounds/en/sports/baseball.ogg", "level" : 2  },
      "basketball" : { "word" : "basketball", "sound" : "sounds/en/sports/basketball.ogg", "level" : 2  },
      "biking" : { "word" : "biking", "sound" : "sounds/en/sports/biking.ogg", "level" : 2  },
      "bowling" : { "word" : "bowling", "sound" : "sounds/en/sports/bowling.ogg", "level" : 2  },
      "boxing" : { "word" : "boxing", "sound" : "sounds/en/sports/boxing.ogg", "level" : 2  },
      "cricket" : { "word" : "cricket", "sound" : "sounds/en/sports/cricket.ogg", "level" : 2  },
      "golf" : { "word" : "golf", "sound" : "sounds/en/sports/golf.ogg", "level" : 2  },
      "ice hockey" : { "word" : "ice hockey", "sound" : "sounds/en/sports/ice_hockey.ogg", "level" : 2  },
      "jogging" : { "word" : "jogging", "sound" : "sounds/en/sports/jogging.ogg", "level" : 2  },
      "soccer" : { "word" : "soccer", "sound" : "sounds/en/sports/soccer.ogg", "level" : 2  },
      "swimming" : { "word" : "swimming", "sound" : "sounds/en/sports/swimming.ogg", "level" : 2  },
      "tennis" : { "word" : "tennis", "sound" : "sounds/en/sports/tennis.ogg", "level" : 2  },
      "whistle" : { "word" : "whistle", "sound" : "sounds/en/sports/whistle.ogg", "level" : 2  },
      "surfing" : { "word" : "surfing", "sound" : "sounds/en/sports/surfing.ogg", "level" : 2  },
      "windsurfing" : { "word" : "windsurfing", "sound" : "sounds/en/sports/windsurfing.ogg", "level" : 3  }
    },
    "en_NZ" : {
      "bell pepper" : { "word" : "capsicum" },
      "kiwi" : { "word" : "kiwi fruit" }
    },
    "fr" : {
      "ant" : { "word" : "fourmi", "sound" : "sounds/fr/animaux/fourmi.ogg", "level" : 2 },
      "bear" : { "word" : "ours", "sound" : "sounds/fr/animaux/ours.ogg", "level" : 2 },
      "bee" : { "word" : "abeille", "sound" : "sounds/fr/animaux/abeille.ogg", "level" : 3 },
      "bird" : { "word" : "oiseau", "sound" : "sounds/fr/animaux/oiseau.ogg", "level" : 3 },
      "cat" : { "word" : "chat", "sound" : "sounds/fr/animaux/chat.ogg", "level" : 2 },


      "apple" : { "word" : "pomme", "sound" : "sounds/fr/fruits_legumes/pomme.ogg", "level" : 1 },
      "avocado" : { "word" : "avocat", "sound" : "sounds/fr/fruits_legumes/avocat.ogg", "level" : 1 },
      "banana" : { "word" : "banane", "sound" : "sounds/fr/fruits_legumes/banane.ogg", "level" : 1 },
      "bell pepper" : { "word" : "poivron", "sound" : "sounds/fr/fruits_legumes/poivron.ogg", "level" : 2 },
      "blackberry" : { "word" : "mûre", "sound" : "sounds/fr/fruits_legumes/mure.ogg", "level" : 1 },
      "blueberry" : { "word" : "myrtille", "sound" : "sounds/fr/fruits_legumes/myrtille.ogg", "level" :1 },
      "cabbage" : { "word" : "chou", "sound" : "sounds/fr/fruits_legumes/chou.ogg", "level" : 2 },
      "carrot" : { "word" : "carotte", "sound" : "sounds/fr/fruits_legumes/carotte.ogg", "level" : 1 },
      "cherry" : { "word" : "cerise", "sound" : "sounds/fr/fruits_legumes/cerise.ogg", "level" : 1 },
      "corn" : { "word" : "maïs", "sound" : "sounds/fr/fruits_legumes/mais.ogg", "level" : 2 },
      "cucumber" : { "word" : "concombre", "sound" : "sounds/fr/fruits_legumes/concombre.ogg", "level" : 2 },
      "eggplant" : { "word" : "aubergine", "sound" : "sounds/fr/fruits_legumes/aubergine.ogg", "level" : 2 },
      "garlic" : { "word" : "ail", "sound" : "sounds/fr/fruits_legumes/ail.ogg", "level" : 2 },
      "grapes" : { "word" : "raisin", "sound" : "sounds/fr/fruits_legumes/raisin.ogg", "level" : 2 },
      "kiwi" : { "sound" : "sounds/fr/fruits_legumes/kiwi.ogg", "level" : 1 },
      "lemon" : { "word" : "citron", "sound" : "sounds/fr/fruits_legumes/citron.ogg", "level" : 2 },
      "melon" : { "sound" : "sounds/fr/fruits_legumes/melon.ogg", "level" : 2 },
      "mushroom" : { "word" : "champignon", "sound" : "sounds/fr/fruits_legumes/champignon.ogg", "level" : 3 },
      "onion" : { "word" : "oignon", "sound" : "sounds/fr/fruits_legumes/oignon.ogg", "level" : 2 },
      "orange" : { "sound" : "sounds/fr/fruits_legumes/orange.ogg", "level" : 2 },
      "peach" : { "word" : "pêche", "sound" : "sounds/fr/fruits_legumes/peche.ogg", "level" : 2 },
      "pear" : { "word" : "poire", "sound" : "sounds/fr/fruits_legumes/poire.ogg", "level" : 2 },
      "pineapple" : { "word" : "ananas", "sound" : "sounds/fr/fruits_legumes/ananas.ogg", "level" : 1 },
      "plum" : { "word" : "prune", "sound" : "sounds/fr/fruits_legumes/prune.ogg", "level" : 2 },
      "raspberry" : { "word" : "framboise", "sound" : "sounds/fr/fruits_legumes/framboise.ogg", "level" : 3 },
      "strawberry" : { "word" : "fraise", "sound" : "sounds/fr/fruits_legumes/fraise.ogg", "level" : 2 },
      "tomato" : { "word" : "tomate", "sound" : "sounds/fr/fruits_legumes/tomate.ogg", "level" : 1 },
      "watermelon" : { "word" : "pastèque", "sound" : "sounds/fr/fruits_legumes/pasteque.ogg", "level" : 2 },
      "zucchini" : { "word" : "courgette", "sound" : "sounds/fr/fruits_legumes/courgette.ogg", "level" : 2 },

      "bathtub" : { "word" : "baignoire", "sound" : "sounds/fr/maison/baignoire.ogg", "level" : 3 },
      "bed" : { "word" : "lit", "sound" : "sounds/fr/maison/lit.ogg", "level" : 1 },
      "broom" : { "word" : "balai", "sound" : "sounds/fr/maison/balai.ogg", "level" : 2 },
      "computer" : { "word" : "ordinateur", "sound" : "sounds/fr/maison/ordinateur.ogg", "level" : 2 },
      "cup" : { "word" : "tasse", "sound" : "sounds/fr/maison/tasse.ogg", "level" : 1 },
      "door" : { "word" : "porte", "sound" : "sounds/fr/maison/porte.ogg", "level" : 2 },
      "fork" : { "word" : "fourchette", "sound" : "sounds/fr/maison/fourchette.ogg", "level" : 2 },
      "fridge" : { "word" : "réfrigérateur", "sound" : "sounds/fr/maison/refrigerateur.ogg", "level" : 2 },
      "frying pan" : { "word" : "poêle", "sound" : "sounds/fr/maison/poele.ogg", "level" : 2 },
      "glass" : { "word" : "verre", "sound" : "sounds/fr/maison/verre.ogg", "level" : 2 },
      "mixer" : { "word" : "mixeur", "sound" : "sounds/fr/maison/mixeur.ogg", "level" : 2 },
      "hanger" : { "word" : "cintre", "sound" : "sounds/fr/maison/cintre.ogg", "level" : 2 },
      "iron" : { "word" : "fer", "sound" : "sounds/fr/maison/fer.ogg", "level" : 2 },
      "knife" : { "word" : "couteau", "sound" : "sounds/fr/maison/couteau.ogg", "level" : 2 },
      "ladle" : { "word" : "louche", "sound" : "sounds/fr/maison/louche.ogg", "level" : 2 },
      "bulb" : { "word" : "ampoule", "sound" : "sounds/fr/maison/ampoule.ogg", "level" : 2 },
      "microwave" : { "word" : "micro-ondes", "sound" : "sounds/fr/maison/micro_ondes.ogg", "level" : 2 },
      "mirror" : { "word" : "miroir", "sound" : "sounds/fr/maison/miroir.ogg", "level" : 2 },
      "oven mitt" : { "word" : "manique", "sound" : "sounds/fr/maison/manique.ogg", "level" : 1 },
      "pan" : { "word" : "casserole", "sound" : "sounds/fr/maison/casserole.ogg", "level" : 1 },
      "plate" : { "word" : "assiette", "sound" : "sounds/fr/maison/assiette.ogg", "level" : 2 },
      "sink" : { "word" : "évier", "sound" : "sounds/fr/maison/evier.ogg", "level" : 2 },
      "sofa" : { "word" : "canapé", "sound" : "sounds/fr/maison/canape.ogg", "level" : 1 },
      "spoon" : { "word" : "cuillère", "sound" : "sounds/fr/maison/cuillere.ogg", "level" : 2 },
      "table" : { "sound" : "sounds/fr/maison/table.ogg", "level" : 2 },
      "tap" : { "word" : "robinet", "sound" : "sounds/fr/maison/robinet.ogg", "level" : 2 },
      "toaster" : { "word" : "grille-pain", "sound" : "sounds/fr/maison/grille_pain.ogg", "level" : 2 },
      "toilet" : { "word" : "toilettes", "sound" : "sounds/fr/maison/toilette.ogg", "level" : 2 },
      "trash can" : { "word" : "poubelle", "sound" : "sounds/fr/maison/poubelle.ogg", "level" : 2 },
      "wardrobe" : { "word" : "armoire", "sound" : "sounds/fr/maison/armoire.ogg", "level" : 2 },
      "window" : { "word" : "fenêtre", "sound" : "sounds/fr/maison/fenetre.ogg", "level" : 2 },

      "acorn" : { "word" : "gland", "sound" : "sounds/fr/nature/gland.ogg", "level" : 2 },
      "autumn" : { "word" : "automne", "sound" : "sounds/fr/nature/automne.ogg", "level" : 2 },
      "bug" : { "word" : "coccinelle", "sound" : "sounds/fr/nature/coccinelle.ogg", "level" : 2 },
      "butterfly" : { "word" : "papillon", "sound" : "sounds/fr/nature/papillon.ogg", "level" : 2 },
      "cactus" : { "sound" : "sounds/fr/nature/cactus.ogg", "level" : 2 },

      "cloud" : { "word" : "nuage", "sound" : "sounds/fr/nature/nuage.ogg", "level" : 1 },
      "feather" : { "word" : "plume", "sound" : "sounds/fr/nature/plume.ogg", "level" : 2 },
      "fir tree" : { "word" : "sapin", "sound" : "sounds/fr/nature/sapin.ogg", "level" : 2 },
      "flower" : { "word" : "fleur", "sound" : "sounds/fr/nature/fleur.ogg", "level" : 2 },
      "grass" : { "word" : "herbe", "sound" : "sounds/fr/nature/herbe.ogg", "level" : 2 },
      "holly" : { "word" : "houx", "sound" : "sounds/fr/nature/houx.ogg", "level" : 2 },
      "leaf" : { "word" : "feuille", "sound" : "sounds/fr/nature/feuille.ogg", "level" : 2 },
      "mountain" : { "word" : "montagne", "sound" : "sounds/fr/nature/montagne.ogg", "level" : 2 },
      "palm tree" : { "word" : "palmier", "sound" : "sounds/fr/nature/palmier.ogg", "level" : 2 },
      "rain" : { "word" : "pluie", "sound" : "sounds/fr/nature/pluie.ogg", "level" : 2 },
      "rainbow" : { "word" : "arc en ciel", "sound" : "sounds/fr/nature/arc_en_ciel.ogg", "level" : 2 },
      "reed" : { "word" : "roseau", "sound" : "sounds/fr/nature/roseau.ogg", "level" : 2 },
      "rose" : { "sound" : "sounds/fr/nature/rose.ogg", "level" : 1 },
      "spring" : { "word" : "printemps", "sound" : "sounds/fr/nature/printemps.ogg", "level" : 2 },
      "stone" : { "word" : "rocher", "sound" : "sounds/fr/nature/rocher.ogg", "level" : 2 },
      "summer" : { "word" : "été", "sound" : "sounds/fr/nature/ete.ogg", "level" : 1 },
      "tree" : { "word" : "arbre", "sound" : "sounds/fr/nature/arbre.ogg", "level" : 2 },
      "volcano" : { "word" : "volcan", "sound" : "sounds/fr/nature/volcan.ogg", "level" : 2 },
      "winter" : { "word" : "hiver", "sound" : "sounds/fr/nature/hiver.ogg", "level" : 2 },

      "black" : { "word" : "noir", "sound" : "sounds/fr/couleurs/noir.ogg", "level" : 2 },
      "blue" : { "word" : "bleu", "sound" : "sounds/fr/couleurs/bleu.ogg", "level" : 2 },
      "brown" : { "word" : "marron", "sound" : "sounds/fr/couleurs/marron.ogg", "level" : 2 },
      "green" : { "word" : "vert", "sound" : "sounds/fr/couleurs/vert.ogg", "level" : 2 },
      "orange" : { "sound" : "sounds/fr/couleurs/orange.ogg", "level" : 2 },
      "pink" : { "word" : "rose", "sound" : "sounds/fr/couleurs/rose.ogg", "level" : 1 },
      "purple" : { "word" : "violet", "sound" : "sounds/fr/couleurs/violet.ogg", "level" : 2 },
      "red" : { "word" : "rouge", "sound" : "sounds/fr/couleurs/rouge.ogg", "level" : 2 },
      "white" : { "word" : "blanc", "sound" : "sounds/fr/couleurs/blanc.ogg", "level" : 2 },
      "yellow" : { "word" : "jaune", "sound" : "sounds/fr/couleurs/jaune.ogg", "level" : 2 },

      "bag" : { "word" : "sac", "sound" : "sounds/fr/vetements/sac.ogg", "level" : 1 },
      "belt" : { "word" : "ceinture", "sound" : "sounds/fr/vetements/ceinture.ogg", "level" : 3 },
      "boot" : { "word" : "botte", "sound" : "sounds/fr/vetements/botte.ogg", "level" : 1 },
      "cap" : { "word" : "casquette", "sound" : "sounds/fr/vetements/casquette.ogg", "level" : 2 },
      "dress" : { "word" : "robe", "sound" : "sounds/fr/vetements/robe.ogg", "level" : 1 },
      "hat" : { "word" : "chapeau", "sound" : "sounds/fr/vetements/chapeau.ogg", "level" : 2 },
      "heels" : { "word" : "talon", "sound" : "sounds/fr/vetements/talons.ogg", "level" : 2 },
      "jeans" : { "word" : "jean", "sound" : "sounds/fr/vetements/jean.ogg", "level" : 2 },
      "tie" : { "word" : "cravate", "sound" : "sounds/fr/vetements/cravate.ogg", "level" : 1 },
      "panties" : { "word" : "culotte", "sound" : "sounds/fr/vetements/culotte.ogg", "level" : 1 },
      "pants" : { "word" : "pantalon", "sound" : "sounds/fr/vetements/pantalon.ogg", "level" : 2 },
      "shirt" : { "word" : "chemise", "sound" : "sounds/fr/vetements/chemise.ogg", "level" : 2 },
      "shoes" : { "word" : "chaussures", "sound" : "sounds/fr/vetements/chaussures.ogg", "level" : 2 },
      "sneakers" : { "word" : "baskets", "sound" : "sounds/fr/vetements/baskets.ogg", "level" : 2 },
      "socks" : { "word" : "chaussettes", "sound" : "sounds/fr/vetements/chaussettes.ogg", "level" : 2 },
      "suit" : { "word" : "costume", "sound" : "sounds/fr/vetements/costume.ogg", "level" : 2 },
      "sweater" : { "word" : "pull", "sound" : "sounds/fr/vetements/pull.ogg", "level" : 1 },
      "tee shirt" : { "sound" : "sounds/fr/vetements/tee_shirt.ogg", "level" : 2 },
      "thongs" : { "word" : "tongs", "sound" : "sounds/fr/vetements/tongs.ogg", "level" : 2 },

      "arm" : { "word" : "bras", "sound" : "sounds/fr/sante/bras.ogg", "level" : 1 },
      "bandage" : { "word" : "pansement", "sound" : "sounds/fr/sante/pansement.ogg", "level" : 2 },
      "blood" : { "word" : "sang", "sound" : "sounds/fr/sante/sang.ogg", "level" : 2 },
      "brain" : { "word" : "cerveau", "sound" : "sounds/fr/sante/cerveau.ogg", "level" : 3 },
      "ear" : { "word" : "oreille", "sound" : "sounds/fr/sante/oreille.ogg", "level" : 3 },
      "embryo" : { "word" : "embryon", "sound" : "sounds/fr/sante/embryon.ogg", "level" : 3 },
      "eye" : { "word" : "oeil", "sound" : "sounds/fr/sante/oeil.ogg", "level" : 3 },
      "foot" : { "word" : "pied", "sound" : "sounds/fr/sante/pied.ogg", "level" : 2 },
      "hand" : { "word" : "main", "sound" : "sounds/fr/sante/main.ogg", "level" : 3 },
      "heart" : { "word" : "coeur", "sound" : "sounds/fr/sante/coeur.ogg", "level" : 3 },
      "kidney" : { "word" : "rein", "sound" : "sounds/fr/sante/rein.ogg", "level" : 3 },
      "knee" : { "word" : "genou", "sound" : "sounds/fr/sante/genou.ogg", "level" : 2 },
      "lungs" : { "word" : "poumon", "sound" : "sounds/fr/sante/poumon.ogg", "level" : 2 },
      "mouth" : { "word" : "bouche", "sound" : "sounds/fr/sante/bouche.ogg", "level" : 2 },
      "pills" : { "word" : "médicaments", "sound" : "sounds/fr/sante/medicaments.ogg", "level" : 2 },
      "syringe" : { "word" : "seringue", "sound" : "sounds/fr/sante/seringue.ogg", "level" : 2 },
      "skeleton" : { "word" : "squelette", "sound" : "sounds/fr/sante/squelette.ogg", "level" : 2 },
      "skull" : { "word" : "crâne", "sound" : "sounds/fr/sante/crane.ogg", "level" : 2 },
      "teeth" : { "word" : "dent", "sound" : "sounds/fr/sante/dent.ogg", "level" : 2 },
      "thermometer" : { "word" : "thermomètre", "sound" : "sounds/fr/sante/thermometre.ogg", "level" : 2 },
      "thumb" : { "word" : "pouce", "sound" : "sounds/fr/sante/pouce.ogg", "level" : 2 },

      "badminton" : { "sound" : "sounds/fr/sports/badminton.ogg" , "level" : 3},
      "baseball" : { "sound" : "sounds/fr/sports/baseball.ogg", "level" : 2 },
      "basketball" : { "sound" : "sounds/fr/sports/basketball.ogg", "level" : 2 },
      "biking" : { "word" : "cyclisme" , "sound" : "sounds/fr/sports/cysclisme.ogg", "level" : 2 },
      "bowling" : { "sound" : "sounds/fr/sports/bowling.ogg", "level" : 3 },
      "boxing" : { "word" : "boxe" , "sound" : "sounds/fr/sports/boxe.ogg", "level" : 1 },
      "cricket" : { "sound" : "sounds/fr/sports/cricket.ogg", "level" : 1 },
      "golf" : { "sound" : "sounds/fr/sports/golf.ogg", "level" : 2 },
      "ice hockey" : { "word" : "hockey" , "sound" : "sounds/fr/sports/hockey.ogg", "level" : 3 },
      "jogging" : {"sound" : "sounds/fr/sports/jogging.ogg", "level" : 2 },
      "soccer" : { "word" : "football" , "sound" : "sounds/fr/sports/football.ogg", "level" : 2 },
      "swimming" : { "word" : "natation" , "sound" : "sounds/fr/sports/natation.ogg", "level" : 3 },
      "tennis" : { "sound" : "sounds/fr/sports/tennis.ogg", "level" : 2 },
      "whistle" : { "word" : "sifflet" , "sound" : "sounds/fr/sports/sifflet.ogg", "level" : 2 },
      "surfing" : { "word" : "surf" , "sound" : "sounds/fr/sports/surf.ogg", "level" : 3 },
      "windsurfing" : { "word" : "voile" , "sound" : "sounds/fr/sports/voile.ogg", "level" : 2 }

    }
  }
}



